Vendor Name,Applied Credits,Available Credits,Pending Payables
Vazlo Costa Rica Sociedad Anonima - 30 Days Credit,0.00,CRC 0.00,
VALEO - 30 Days Credit,0.00,CRC 0.00,
Super Transmisiones S.A,0.00,CRC 0.00,
SOLUCIONES PARA FRENOS S.A.,0.00,CRC 0.00,
SERVIREPUESTOS JG SA,0.00,CRC 0.00,
SERVICIOS Y REPUESTOS RAG INTERNACIONAL S.A.,0.00,"CRC 20,905.00",
SERVICIOS INTERNACIONALES DE CARGA SA - SICSA,0.00,CRC 0.00,
Repuestos Barrio San Jose de Alajuela S.A. - 30 Days Credit,0.00,CRC 0.00,
Renapa S.A. - 60 Days Credit,0.00,"CRC 219,941.14",
RYATMA REPUESTOS - 30 Days Credit,0.00,CRC 0.00,
ROLEXSA,0.00,CRC 0.00,
ROFERSA MOTOR,0.00,CRC 0.00,
REPUESTOS TENORIO S.A,0.00,"CRC 10,170.00",
REPUESTOS LA CASA KOREANA,0.00,"CRC 30,510.00",
REPUESTOS KOREANOS JYR,0.00,"CRC 42,213.98",
REPUESTOS BIANCHI,0.00,CRC 0.00,
REMUSA - 30 Days Credit,0.00,CRC 0.00,
NAVEMAR S.A. - 30 Days Credit,0.00,CRC 0.00,
KINSEI LIMITADA - 30 Days Credit,0.00,"CRC 4,809.28",
JSM Unity Costa Rica Sociedad Anonima - 30 Days Credit,0.00,CRC 0.00,
Importaciones RERE S.A. - 30 Days Credit,0.00,CRC 0.00,
INVERSIONES MONICA Y DIANA S.A - 30 Days Credit,0.00,CRC 0.00,
INVERSIONES LEE,0.00,CRC 0.00,
IMPORTADORA BRIGO INTERNACIONAL S.A. - 30 days Credit,0.00,CRC 0.00,
IMPORTACIONES SOL DE KOBE S.A - 30 Days Credit,0.00,CRC 0.00,
IMPORTACIONES JASPERSA N&N LTDA 30 days credit,0.00,CRC 0.00,
Ever Winning S.A - 30 Days Credit,0.00,CRC 0.00,
DAILY - 30 Days Credit,0.00,CRC 0.00,
Capris S.A. - 30 Days Credit,0.00,CRC 0.00,
CIOSA AUTOPARTES S.A,0.00,CRC 0.00,
AUTOPARTES NAZCAR,0.00,"CRC 19,000.01",
AUTO SENSORES JP,0.00,"CRC 50,066.58",
ACELUB (Aceites y Lubricantes) S.A. - 30 Days Credit,0.00,CRC 0.00,
Grand Summary:,0.00,"CRC 397,615.99",
