,
"90080-19021 90919-02265 BOBINA IGNICION UF316 YARIZ,ECHO,PRIUZ,UF-316","$5,971.75K"
CENTRO DIFERENCIAL TOYOTA HILUX YN 4:55 RATIO/ PROP 9.41 10 HOLES MOUNTING IMPORT DIFF HILUX  4X2 2008-,"$4,625.10K"
CHEVRON SUPREME MO 20W50 SP CUARTO,"$5,588.79K"
COOLANT ANTICORROSIVO VERDE 1 GALON,"$5,404.16K"
Cremallera de Dirección sin Rotulas Toyota Rav4 2001-2006 1AZ,"$5,528.47K"
LOCTITE 5699 SILICON RTV ULTRA GRIS ALTA TEMP. ANTICORROSIVO TUBO 70ML (BLISTER),"$6,034.09K"
MONROE AMORTIGUADOR LA-E DD NISSAN SENTRA 07-12 B16 DEL RH,"$7,275.61K"
MONROE AMORTIGUADOR LA-E DI NISSAN SENTRA 07-12 B16 DEL LH,"$7,275.61K"
SERVICIO EXPRESS GRATUITO COMPRA MAYOR A 100MIL,"$4,905.49K"
SERVICIO EXPRESS MOTO,"$83,522.45K"
